Index,Time_s,Current_A,Voltage_V,Relay,Voltage_source,Magnetic_flux_Vs
1,0,0.0000,0.0005,0,1,0
2,0.0439999999999987,0.0000,0.0000,1,1,1.09999999999997e-05
3,0.0939999999999994,-0.1920,-0.4505,1,1,-0.0112515000000002
4,0.195,-0.2940,-0.3560,1,1,-0.0519797500000005
5,0.244,-0.3200,-0.3505,1,1,-0.0692890000000003
6,0.292999999999999,-0.3355,-0.3630,1,1,-0.0867697500000001
7,0.343,-0.3475,-0.3790,1,1,-0.10531975
8,0.394,-0.3590,-0.3955,1,1,-0.1250695
9,0.443999999999999,-0.3700,-0.4105,1,1,-0.1452195
10,0.493,-0.3820,-0.4235,1,1,-0.165652500000001
11,0.543999999999999,-0.3950,-0.4340,1,1,-0.18751875
12,0.593999999999999,-0.4085,-0.4420,1,1,-0.20941875
13,0.642999999999999,-0.4225,-0.4480,1,1,-0.23122375
14,0.693999999999999,-0.4380,-0.4535,1,1,-0.254212
15,0.744,-0.4535,-0.4560,1,1,-0.2769495
16,0.792999999999999,-0.4695,-0.4585,1,1,-0.29935475
17,0.843,-0.4865,-0.4575,1,1,-0.32225475
18,0.892999999999999,-0.5040,-0.4565,1,1,-0.34510475
19,0.943999999999999,-0.5225,-0.4530,1,1,-0.368297
20,0.993,-0.5400,-0.4500,1,1,-0.390420500000001
21,1.043,-0.5595,-0.4450,1,1,-0.4127955
22,1.094,-0.5785,-0.4385,1,1,-0.43532475
23,1.144,-0.5980,-0.4315,1,1,-0.457074750000001
24,1.194,-0.6185,-0.4240,1,1,-0.47846225
25,1.244,-0.6350,-0.3840,1,1,-0.49866225
26,1.294,-0.6415,-0.3305,1,1,-0.51652475
27,1.344,-0.6440,-0.2820,1,1,-0.53183725
28,1.393,-0.6440,-0.2395,1,1,-0.544614
29,1.444,-0.6425,-0.2005,1,1,-0.555834
30,1.494,-0.6390,-0.1650,1,1,-0.5649715
31,1.544,-0.6345,-0.1335,1,1,-0.572434
32,1.594,-0.6285,-0.1055,1,1,-0.578409
33,1.643,-0.6220,-0.0805,1,1,-0.582966
34,1.695,-0.6140,-0.0570,1,1,-0.586541
35,1.744,-0.6050,-0.0365,1,1,-0.58883175
36,1.794,-0.5950,-0.0195,1,1,-0.59023175
37,1.844,-0.5835,-0.0040,1,1,-0.59081925
38,1.893,-0.5720,0.0070,1,1,-0.59074575
39,1.944,-0.5590,0.0175,1,1,-0.590121
40,1.994,-0.5445,0.0245,1,1,-0.589071
41,2.044,-0.5300,0.0300,1,1,-0.5877085
42,2.093,-0.5145,0.0340,1,1,-0.5861405
43,2.144,-0.4985,0.0380,1,1,-0.5843045
44,2.193,-0.4835,0.0410,1,1,-0.582369
45,2.245,-0.4670,0.0450,1,1,-0.580133
46,2.295,-0.4515,0.0475,1,1,-0.5778205
47,2.343,-0.4360,0.0510,1,1,-0.5754565
48,2.394,-0.4200,0.0540,1,1,-0.572779
49,2.445,-0.4035,0.0575,1,1,-0.56993575
50,2.493,-0.3880,0.0595,1,1,-0.56712775
51,2.545,-0.3715,0.0630,1,1,-0.56394275
52,2.594,-0.3560,0.0655,1,1,-0.5607945
53,2.645,-0.3395,0.0695,1,1,-0.557352
54,2.695,-0.3235,0.0725,1,1,-0.553802
55,2.745,-0.3080,0.0760,1,1,-0.5500895
56,2.794,-0.2925,0.0785,1,1,-0.54630425
57,2.844,-0.2760,0.0825,1,1,-0.54227925
58,2.894,-0.2605,0.0855,1,1,-0.53807925
59,2.943,-0.2450,0.0900,1,1,-0.5337795
60,2.994,-0.2290,0.0935,1,1,-0.52910025
61,3.043,-0.2135,0.0975,1,1,-0.52442075
62,3.094,-0.1975,0.1005,1,1,-0.51937175
63,3.144,-0.1820,0.1055,1,1,-0.51422175
64,3.195,-0.1665,0.1100,1,1,-0.5087265
65,3.244,-0.1510,0.1150,1,1,-0.503214
66,3.294,-0.1360,0.1195,1,1,-0.4973515
67,3.345,-0.1205,0.1245,1,1,-0.4911295
68,3.393,-0.1055,0.1290,1,1,-0.4850455
69,3.444,-0.0905,0.1350,1,1,-0.4783135
70,3.495,-0.0750,0.1405,1,1,-0.47128825
71,3.544,-0.0605,0.1470,1,1,-0.4642445
72,3.593,-0.0455,0.1525,1,1,-0.45690675
73,3.645,-0.0305,0.1600,1,1,-0.44878175
74,3.696,-0.0155,0.1670,1,1,-0.44044325
75,3.745,-0.0015,0.1710,1,1,-0.43216225
76,3.794,0.0120,0.1790,1,1,-0.42358725
77,3.844,0.0260,0.1880,1,1,-0.41441225
78,3.895,0.0400,0.1965,1,1,-0.4046075
79,3.944,0.0535,0.2060,1,1,-0.39474625
80,3.994,0.0675,0.2150,1,1,-0.38422125
81,4.044,0.0805,0.2270,1,1,-0.37317125
82,4.093,0.0935,0.2380,1,1,-0.36177875
83,4.144,0.1065,0.2510,1,1,-0.34930925
84,4.194,0.1185,0.2645,1,1,-0.33642175
85,4.244,0.1300,0.2805,1,1,-0.32279675
86,4.293,0.1410,0.2965,1,1,-0.30866025
87,4.344,0.1520,0.3145,1,1,-0.29307975
88,4.394,0.1625,0.3320,1,1,-0.27691725
89,4.445,0.1735,0.3510,1,1,-0.25950075
90,4.494,0.1835,0.3675,1,1,-0.2418975
91,4.544,0.1940,0.3855,1,1,-0.2230725
92,4.594,0.2050,0.4025,1,1,-0.203372499999999
93,4.644,0.2155,0.4205,1,1,-0.182797500000001
94,4.694,0.2265,0.4355,1,1,-0.1613975
95,4.745,0.2380,0.4535,1,1,-0.138727999999999
96,4.794,0.2485,0.4665,1,1,-0.116188
97,4.844,0.2605,0.4825,1,1,-0.0924629999999993
98,4.895,0.2725,0.4950,1,1,-0.0675367500000001
99,4.944,0.2845,0.5090,1,1,-0.0429387500000004
100,4.995,0.2975,0.5190,1,1,-0.0167247499999994
101,5.043,0.3105,0.5305,1,1,0.00846324999999971
102,5.093,0.3240,0.5375,1,1,0.0351632500000001
103,5.145,0.3385,0.5455,1,1,0.0633212499999999
104,5.194,0.3530,0.5500,1,1,0.0901609999999996
105,5.245,0.3690,0.5550,1,1,0.118338500000001
106,5.294,0.3850,0.5555,1,1,0.14554575
107,5.345,0.4015,0.5575,1,1,0.173927249999999
108,5.395,0.4185,0.5550,1,1,0.20173975
109,5.445,0.4365,0.5530,1,1,0.22943975
110,5.494,0.4550,0.5475,1,1,0.256402
111,5.544,0.4740,0.5425,1,1,0.283652
112,5.594,0.4945,0.5340,1,1,0.310564500000001
113,5.644,0.5145,0.5265,1,1,0.337076999999999
114,5.695,0.5355,0.5140,1,1,0.36360975
115,5.745,0.5570,0.5040,1,1,0.389059750000001
116,5.795,0.5795,0.4900,1,1,0.413909749999999
117,5.845,0.6010,0.4775,1,1,0.43809725
118,5.894,0.6240,0.4615,1,1,0.461102749999999
119,5.943,0.6465,0.4475,1,1,0.483373249999999
120,5.994,0.6695,0.4290,1,1,0.505724
121,6.044,0.6935,0.4135,1,1,0.5267865
122,6.094,0.7175,0.3950,1,1,0.546999000000001
123,6.145,0.7420,0.3775,1,1,0.56669775
124,6.195,0.7655,0.3590,1,1,0.58511025
125,6.245,0.7885,0.3295,1,1,0.60232275
126,6.294,0.7985,0.2690,1,1,0.616986
127,6.345,0.8030,0.2180,1,1,0.6294045
128,6.394,0.8040,0.1720,1,1,0.6389595
129,6.445,0.8030,0.1330,1,1,0.646737
130,6.495,0.7995,0.0995,1,1,0.6525495
131,6.545,0.7945,0.0710,1,1,0.656812
132,6.595,0.7870,0.0460,1,1,0.659737
133,6.644,0.7790,0.0255,1,1,0.66148875
134,6.694,0.7685,0.0085,1,1,0.66233875
135,6.744,0.7575,-0.0035,1,1,0.66246375
136,6.794,0.7445,-0.0140,1,1,0.66202625
137,6.844,0.7300,-0.0200,1,1,0.66117625
138,6.895,0.7145,-0.0250,1,1,0.66002875
139,6.945,0.6990,-0.0275,1,1,0.65871625
140,6.994,0.6830,-0.0305,1,1,0.65729525
141,7.044,0.6670,-0.0330,1,1,0.65570775
142,7.093,0.6505,-0.0360,1,1,0.65401725
143,7.144,0.6345,-0.0375,1,1,0.652143
144,7.194,0.6180,-0.0400,1,1,0.6502055
145,7.243,0.6020,-0.0420,1,1,0.6481965
146,7.294,0.5855,-0.0450,1,1,0.645978
147,7.344,0.5695,-0.0465,1,1,0.6436905
148,7.394,0.5535,-0.0495,1,1,0.6412905
149,7.445,0.5365,-0.0510,1,1,0.63872775
150,7.495,0.5200,-0.0540,1,1,0.63610275
151,7.545,0.5040,-0.0560,1,1,0.63335275
152,7.594,0.4880,-0.0585,1,1,0.6305475
153,7.645,0.4710,-0.0605,1,1,0.627513
154,7.693,0.4550,-0.0630,1,1,0.624549
155,7.743,0.4390,-0.0645,1,1,0.6213615
156,7.795,0.4225,-0.0675,1,1,0.6179295
157,7.844,0.4065,-0.0695,1,1,0.614573
158,7.894,0.3900,-0.0725,1,1,0.611023
159,7.943,0.3740,-0.0750,1,1,0.60740925
160,7.994,0.3575,-0.0780,1,1,0.60350775
161,8.045,0.3415,-0.0815,1,1,0.5994405
162,8.094,0.3255,-0.0845,1,1,0.5953735
163,8.144,0.3095,-0.0870,1,1,0.591086
164,8.194,0.2930,-0.0905,1,1,0.5866485
165,8.243,0.2780,-0.0930,1,1,0.58215275
166,8.294,0.2615,-0.0975,1,1,0.577295
167,8.344,0.2455,-0.1010,1,1,0.5723325
168,8.394,0.2305,-0.1055,1,1,0.56717
169,8.444,0.2145,-0.1090,1,1,0.5618075
170,8.494,0.1985,-0.1130,1,1,0.5562575
171,8.545,0.1825,-0.1180,1,1,0.550367
172,8.593,0.1675,-0.1220,1,1,0.544607
173,8.644,0.1520,-0.1265,1,1,0.53827025
174,8.694,0.1365,-0.1315,1,1,0.53182025
175,8.744,0.1215,-0.1345,1,1,0.52517025
176,8.794,0.1065,-0.1395,1,1,0.51832025
177,8.844,0.0915,-0.1455,1,1,0.51119525
178,8.897,0.0760,-0.1510,1,1,0.503338
179,8.945,0.0615,-0.1580,1,1,0.495922
180,8.995,0.0465,-0.1640,1,1,0.487872
181,9.045,0.0320,-0.1710,1,1,0.479497
182,9.094,0.0175,-0.1765,1,1,0.47098325
183,9.143,0.0035,-0.1840,1,1,0.462151
184,9.194,-0.0105,-0.1920,1,1,0.452563
185,9.245,-0.0250,-0.2005,1,1,0.44255425
186,9.295,-0.0390,-0.2085,1,1,0.43232925
187,9.345,-0.0530,-0.2180,1,1,0.42166675
188,9.394,-0.0665,-0.2265,1,1,0.4107765
189,9.444,-0.0795,-0.2390,1,1,0.399139
190,9.494,-0.0925,-0.2500,1,1,0.386914
191,9.544,-0.1050,-0.2635,1,1,0.3740765
192,9.594,-0.1170,-0.2765,1,1,0.3605765
193,9.644,-0.1285,-0.2910,1,1,0.346389000000001
194,9.695,-0.1405,-0.3075,1,1,0.33112725
195,9.745,-0.1510,-0.3245,1,1,0.31532725
196,9.795,-0.1620,-0.3405,1,1,0.298702250000001
197,9.844,-0.1730,-0.3580,1,1,0.281589
198,9.894,-0.1835,-0.3755,1,1,0.263251500000001
199,9.944,-0.1945,-0.3930,1,1,0.244039
200,9.995,-0.2055,-0.4090,1,1,0.223588
201,10.044,-0.2160,-0.4240,1,1,0.2031795
202,10.093,-0.2270,-0.4400,1,1,0.1820115
203,10.144,-0.2385,-0.4555,1,1,0.159176250000001
204,10.194,-0.2500,-0.4700,1,1,0.13603875
205,10.245,-0.2620,-0.4845,1,1,0.111699
206,10.295,-0.2740,-0.4965,1,1,0.0871740000000009
207,10.345,-0.2865,-0.5095,1,1,0.0620240000000006
208,10.394,-0.2990,-0.5200,1,1,0.0368012500000008
209,10.444,-0.3120,-0.5300,1,1,0.0105512500000004
210,10.495,-0.3260,-0.5385,1,1,-0.0166955000000006
211,10.545,-0.3400,-0.5465,1,1,-0.0438204999999991
212,10.595,-0.3545,-0.5520,1,1,-0.0712829999999994
213,10.645,-0.3700,-0.5570,1,1,-0.0990079999999998
214,10.694,-0.3850,-0.5600,1,1,-0.1263745
215,10.744,-0.4015,-0.5625,1,1,-0.154437
216,10.794,-0.4185,-0.5620,1,1,-0.1825495
217,10.845,-0.4360,-0.5620,1,1,-0.211211499999999
218,10.895,-0.4540,-0.5585,1,1,-0.239224
219,10.944,-0.4720,-0.5550,1,1,-0.26650475
220,10.994,-0.4915,-0.5490,1,1,-0.29410475
221,11.044,-0.5110,-0.5425,1,1,-0.32139225
222,11.094,-0.5300,-0.5345,1,1,-0.348317250000001
223,11.144,-0.5510,-0.5265,1,1,-0.374842249999999
224,11.194,-0.5720,-0.5150,1,1,-0.40087975
225,11.245,-0.5930,-0.5045,1,1,-0.426877000000001
226,11.295,-0.6070,-0.4455,1,1,-0.450626999999999
227,11.344,-0.6135,-0.3895,1,1,-0.471084500000001
228,11.394,-0.6165,-0.3395,1,1,-0.4893095
229,11.444,-0.6175,-0.2930,1,1,-0.505122
230,11.493,-0.6170,-0.2520,1,1,-0.5184745
231,11.545,-0.6150,-0.2140,1,1,-0.5305905
232,11.595,-0.6115,-0.1790,1,1,-0.5404155
233,11.644,-0.6070,-0.1485,1,1,-0.54843925
