Index,Time_s,Current_A,Voltage_V,Relay,Voltage_source,Magnetic_flux_Vs,h,b
1,0.0,0.0,0.0005,0,1,0.0,0.065,0.0
2,0.0439999999999987,0.0,0.0,1,1,1.09999999999997e-05,0.065,0.0
3,0.0939999999999994,-0.192,-0.4505,1,1,-0.0112515000000002,-0.5110000000000001,-120.0
4,0.195,-0.294,-0.356,1,1,-0.0519797500000005,-1.111,-183.74999999999997
5,0.244,-0.32,-0.3505,1,1,-0.0692890000000003,-1.5350000000000001,-200.0
6,0.292999999999999,-0.3355,-0.363,1,1,-0.0867697500000001,-1.948,-209.6875
7,0.343,-0.3475,-0.379,1,1,-0.10531975,-2.3674999999999997,-217.18749999999997
8,0.394,-0.359,-0.3955,1,1,-0.1250695,-2.807,-224.37499999999997
9,0.443999999999999,-0.37,-0.4105,1,1,-0.1452195,-3.265,-231.25
10,0.493,-0.382,-0.4235,1,1,-0.165652500000001,-3.7550000000000003,-238.75
11,0.543999999999999,-0.395,-0.434,1,1,-0.18751875,-4.28,-246.875
12,0.593999999999999,-0.4085,-0.442,1,1,-0.20941875,-4.836999999999999,-255.31249999999997
13,0.642999999999999,-0.4225,-0.448,1,1,-0.23122375,-5.427499999999999,-264.0625
14,0.693999999999999,-0.438,-0.4535,1,1,-0.254212,-6.066999999999999,-273.75
15,0.744,-0.4535,-0.456,1,1,-0.2769495,-6.7375,-283.4375
16,0.792999999999999,-0.4695,-0.4585,1,1,-0.29935475,-7.446999999999999,-293.43749999999994
17,0.843,-0.4865,-0.4575,1,1,-0.32225475,-8.2055,-304.0625
18,0.892999999999999,-0.504,-0.4565,1,1,-0.34510475,-9.007,-315.0
19,0.943999999999999,-0.5225,-0.453,1,1,-0.368297,-9.862499999999999,-326.56249999999994
20,0.993,-0.54,-0.45,1,1,-0.390420500000001,-10.735000000000001,-337.5
21,1.043,-0.5595,-0.445,1,1,-0.4127955,-11.6845,-349.6875
22,1.094,-0.5785,-0.4385,1,1,-0.43532475,-12.662,-361.5625
23,1.144,-0.598,-0.4315,1,1,-0.457074750000001,-13.689,-373.74999999999994
24,1.194,-0.6185,-0.424,1,1,-0.47846225,-14.779000000000002,-386.5625
25,1.244,-0.635,-0.384,1,1,-0.49866225,-15.81,-396.875
26,1.294,-0.6415,-0.3305,1,1,-0.51652475,-16.613999999999997,-400.93749999999994
27,1.344,-0.644,-0.282,1,1,-0.53183725,-17.323,-402.5
28,1.393,-0.644,-0.2395,1,1,-0.544614,-17.967,-402.5
29,1.444,-0.6425,-0.2005,1,1,-0.555834,-18.5675,-401.56249999999994
30,1.494,-0.639,-0.165,1,1,-0.5649715,-19.105,-399.375
31,1.544,-0.6345,-0.1335,1,1,-0.572434,-19.604499999999998,-396.56249999999994
32,1.594,-0.6285,-0.1055,1,1,-0.578409,-20.046999999999997,-392.81249999999994
33,1.643,-0.622,-0.0805,1,1,-0.582966,-20.461,-388.75
34,1.695,-0.614,-0.057,1,1,-0.586541,-20.811,-383.75
35,1.744,-0.605,-0.0365,1,1,-0.58883175,-21.11,-378.12499999999994
36,1.794,-0.595,-0.0195,1,1,-0.59023175,-21.354999999999997,-371.87499999999994
37,1.844,-0.5835,-0.004,1,1,-0.59081925,-21.5245,-364.6875
38,1.893,-0.572,0.007,1,1,-0.59074575,-21.670999999999996,-357.49999999999994
39,1.944,-0.559,0.0175,1,1,-0.590121,-21.736,-349.375
40,1.994,-0.5445,0.0245,1,1,-0.589071,-21.715,-340.3125
41,2.044,-0.53,0.03,1,1,-0.5877085,-21.665,-331.25
42,2.093,-0.5145,0.034,1,1,-0.5861405,-21.543999999999997,-321.56249999999994
43,2.144,-0.4985,0.038,1,1,-0.5843045,-21.3705,-311.5625
44,2.193,-0.4835,0.041,1,1,-0.582369,-21.209,-302.1875
45,2.245,-0.467,0.045,1,1,-0.580133,-20.95,-291.875
46,2.295,-0.4515,0.0475,1,1,-0.5778205,-20.704,-282.1875
47,2.343,-0.436,0.051,1,1,-0.5754565,-20.427,-272.5
48,2.394,-0.42,0.054,1,1,-0.572779,-20.095,-262.5
49,2.445,-0.4035,0.0575,1,1,-0.56993575,-19.7065,-252.1875
50,2.493,-0.388,0.0595,1,1,-0.56712775,-19.335,-242.5
51,2.545,-0.3715,0.063,1,1,-0.56394275,-18.8815,-232.1875
52,2.594,-0.356,0.0655,1,1,-0.5607945,-18.447,-222.49999999999997
53,2.645,-0.3395,0.0695,1,1,-0.557352,-17.9285,-212.1875
54,2.695,-0.3235,0.0725,1,1,-0.553802,-17.404,-202.1875
55,2.745,-0.308,0.076,1,1,-0.5500895,-16.875,-192.5
56,2.794,-0.2925,0.0785,1,1,-0.54630425,-16.314999999999998,-182.81249999999997
57,2.844,-0.276,0.0825,1,1,-0.54227925,-15.667000000000002,-172.5
58,2.894,-0.2605,0.0855,1,1,-0.53807925,-15.044,-162.8125
59,2.943,-0.245,0.09,1,1,-0.5337795,-14.39,-153.125
60,2.994,-0.229,0.0935,1,1,-0.52910025,-13.675,-143.125
61,3.043,-0.2135,0.0975,1,1,-0.52442075,-12.9585,-133.4375
62,3.094,-0.1975,0.1005,1,1,-0.51937175,-12.180000000000001,-123.4375
63,3.144,-0.182,0.1055,1,1,-0.51422175,-11.401,-113.74999999999999
64,3.195,-0.1665,0.11,1,1,-0.5087265,-10.591000000000001,-104.0625
65,3.244,-0.151,0.115,1,1,-0.503214,-9.75,-94.37499999999999
66,3.294,-0.136,0.1195,1,1,-0.4973515,-8.911000000000001,-85.0
67,3.345,-0.1205,0.1245,1,1,-0.4911295,-8.0085,-75.3125
68,3.393,-0.1055,0.129,1,1,-0.4850455,-7.108999999999999,-65.9375
69,3.444,-0.0905,0.135,1,1,-0.4783135,-6.179499999999999,-56.56249999999999
70,3.495,-0.075,0.1405,1,1,-0.47128825,-5.185,-46.87499999999999
71,3.544,-0.0605,0.147,1,1,-0.4642445,-4.230499999999999,-37.8125
72,3.593,-0.0455,0.1525,1,1,-0.45690675,-3.211,-28.437499999999996
73,3.645,-0.0305,0.16,1,1,-0.44878175,-2.1615,-19.0625
74,3.696,-0.0155,0.167,1,1,-0.44044325,-1.082,-9.6875
75,3.745,-0.0015,0.171,1,1,-0.43216225,-0.0475,-0.9375
76,3.794,0.012,0.179,1,1,-0.42358725,0.9770000000000001,7.5
77,3.844,0.026,0.188,1,1,-0.41441225,2.0669999999999997,16.25
78,3.895,0.04,0.1965,1,1,-0.4046075,3.185,25.0
79,3.944,0.0535,0.206,1,1,-0.39474625,4.2915,33.4375
80,3.994,0.0675,0.215,1,1,-0.38422125,5.465000000000001,42.1875
81,4.044,0.0805,0.227,1,1,-0.37317125,6.585500000000001,50.3125
82,4.093,0.0935,0.238,1,1,-0.36177875,7.732,58.4375
83,4.144,0.1065,0.251,1,1,-0.34930925,8.904499999999999,66.5625
84,4.194,0.1185,0.2645,1,1,-0.33642175,10.018999999999998,74.06249999999999
85,4.244,0.13,0.2805,1,1,-0.32279675,11.115,81.25
86,4.293,0.141,0.2965,1,1,-0.30866025,12.190999999999999,88.12499999999999
87,4.344,0.152,0.3145,1,1,-0.29307975,13.289,95.0
88,4.394,0.1625,0.332,1,1,-0.27691725,14.365,101.5625
89,4.445,0.1735,0.351,1,1,-0.25950075,15.506499999999999,108.43749999999999
90,4.494,0.1835,0.3675,1,1,-0.2418975,16.580000000000002,114.68749999999999
91,4.544,0.194,0.3855,1,1,-0.2230725,17.719,121.25
92,4.594,0.205,0.4025,1,1,-0.203372499999999,18.925,128.125
93,4.644,0.2155,0.4205,1,1,-0.182797500000001,20.1065,134.6875
94,4.694,0.2265,0.4355,1,1,-0.1613975,21.356,141.5625
95,4.745,0.238,0.4535,1,1,-0.138727999999999,22.675,148.75
96,4.794,0.2485,0.4665,1,1,-0.116188,23.921000000000003,155.3125
97,4.844,0.2605,0.4825,1,1,-0.0924629999999993,25.3335,162.8125
98,4.895,0.2725,0.495,1,1,-0.0675367500000001,26.770000000000003,170.3125
99,4.944,0.2845,0.509,1,1,-0.0429387500000004,28.2305,177.81249999999997
100,4.995,0.2975,0.519,1,1,-0.0167247499999994,29.815,185.93749999999997
101,5.043,0.3105,0.5305,1,1,0.00846324999999971,31.4255,194.0625
102,5.093,0.324,0.5375,1,1,0.0351632500000001,33.113,202.5
103,5.145,0.3385,0.5455,1,1,0.0633212499999999,34.9305,211.5625
104,5.194,0.353,0.55,1,1,0.0901609999999996,36.776999999999994,220.62499999999997
105,5.245,0.369,0.555,1,1,0.118338500000001,38.809999999999995,230.62499999999997
106,5.294,0.385,0.5555,1,1,0.14554575,40.875,240.625
107,5.345,0.4015,0.5575,1,1,0.173927249999999,43.0255,250.9375
108,5.395,0.4185,0.555,1,1,0.20173975,45.263,261.5625
109,5.445,0.4365,0.553,1,1,0.22943975,47.643499999999996,272.8125
110,5.494,0.455,0.5475,1,1,0.256402,50.115,284.375
111,5.544,0.474,0.5425,1,1,0.283652,52.678999999999995,296.24999999999994
112,5.594,0.4945,0.534,1,1,0.310564500000001,55.449,309.0625
113,5.644,0.5145,0.5265,1,1,0.337076999999999,58.20349999999999,321.56249999999994
114,5.695,0.5355,0.514,1,1,0.36360975,61.111999999999995,334.68749999999994
115,5.745,0.557,0.504,1,1,0.389059750000001,64.12,348.125
116,5.795,0.5795,0.49,1,1,0.413909749999999,67.287,362.1875
117,5.845,0.601,0.4775,1,1,0.43809725,70.38199999999999,375.62499999999994
118,5.894,0.624,0.4615,1,1,0.461102749999999,73.697,390.0
119,5.943,0.6465,0.4475,1,1,0.483373249999999,76.99849999999999,404.06249999999994
120,5.994,0.6695,0.429,1,1,0.505724,80.405,418.43749999999994
121,6.044,0.6935,0.4135,1,1,0.5267865,83.9785,433.4375
122,6.094,0.7175,0.395,1,1,0.546999000000001,87.6,448.4375
123,6.145,0.742,0.3775,1,1,0.56669775,91.331,463.75
124,6.195,0.7655,0.359,1,1,0.58511025,94.987,478.43749999999994
125,6.245,0.7885,0.3295,1,1,0.60232275,98.6275,492.81249999999994
126,6.294,0.7985,0.269,1,1,0.616986,100.676,499.06249999999994
127,6.345,0.803,0.218,1,1,0.6294045,102.046,501.875
128,6.394,0.804,0.172,1,1,0.6389595,102.977,502.5
129,6.445,0.803,0.133,1,1,0.646737,103.652,501.875
130,6.495,0.7995,0.0995,1,1,0.6525495,104.0,499.68749999999994
131,6.545,0.7945,0.071,1,1,0.656812,104.1445,496.56249999999994
132,6.595,0.787,0.046,1,1,0.659737,103.949,491.875
133,6.644,0.779,0.0255,1,1,0.66148875,103.672,486.875
134,6.694,0.7685,0.0085,1,1,0.66233875,103.044,480.31249999999994
135,6.744,0.7575,-0.0035,1,1,0.66246375,102.32749999999999,473.43749999999994
136,6.794,0.7445,-0.014,1,1,0.66202625,101.31700000000001,465.3125
137,6.844,0.73,-0.02,1,1,0.66117625,100.07499999999999,456.24999999999994
138,6.895,0.7145,-0.025,1,1,0.66002875,98.666,446.5625
139,6.945,0.699,-0.0275,1,1,0.65871625,97.22599999999998,436.87499999999994
140,6.994,0.683,-0.0305,1,1,0.65729525,95.685,426.875
141,7.044,0.667,-0.033,1,1,0.65570775,94.11200000000001,416.875
142,7.093,0.6505,-0.036,1,1,0.65401725,92.43599999999999,406.56249999999994
143,7.144,0.6345,-0.0375,1,1,0.652143,90.79849999999999,396.56249999999994
144,7.194,0.618,-0.04,1,1,0.6502055,89.057,386.25
145,7.243,0.602,-0.042,1,1,0.6481965,87.35499999999999,376.24999999999994
146,7.294,0.5855,-0.045,1,1,0.645978,85.548,365.9375
147,7.344,0.5695,-0.0465,1,1,0.6436905,83.7815,355.9375
148,7.394,0.5535,-0.0495,1,1,0.6412905,81.98299999999999,345.9375
149,7.445,0.5365,-0.051,1,1,0.63872775,80.00349999999999,335.31249999999994
150,7.495,0.52,-0.054,1,1,0.63610275,78.065,325.0
151,7.545,0.504,-0.056,1,1,0.63335275,76.169,315.0
152,7.594,0.488,-0.0585,1,1,0.6305475,74.241,305.0
153,7.645,0.471,-0.0605,1,1,0.627513,72.128,294.37499999999994
154,7.693,0.455,-0.063,1,1,0.624549,70.135,284.375
155,7.743,0.439,-0.0645,1,1,0.6213615,68.11,274.375
156,7.795,0.4225,-0.0675,1,1,0.6179295,65.975,264.0625
157,7.844,0.4065,-0.0695,1,1,0.614573,63.88549999999999,254.06249999999997
158,7.894,0.39,-0.0725,1,1,0.611023,61.685,243.75
159,7.943,0.374,-0.075,1,1,0.60740925,59.531,233.75
160,7.994,0.3575,-0.078,1,1,0.60350775,57.26499999999999,223.43749999999997
161,8.045,0.3415,-0.0815,1,1,0.5994405,55.0465,213.4375
162,8.094,0.3255,-0.0845,1,1,0.5953735,52.796,203.4375
163,8.144,0.3095,-0.087,1,1,0.591086,50.5135,193.4375
164,8.194,0.293,-0.0905,1,1,0.5866485,48.117,183.12499999999997
165,8.243,0.278,-0.093,1,1,0.58215275,45.935,173.75
166,8.294,0.2615,-0.0975,1,1,0.577295,43.474,163.4375
167,8.344,0.2455,-0.101,1,1,0.5723325,41.0635,153.4375
168,8.394,0.2305,-0.1055,1,1,0.56717,38.789,144.0625
169,8.444,0.2145,-0.109,1,1,0.5618075,36.3155,134.0625
170,8.494,0.1985,-0.113,1,1,0.5562575,33.81,124.0625
171,8.545,0.1825,-0.118,1,1,0.550367,31.2725,114.06249999999999
172,8.593,0.1675,-0.122,1,1,0.544607,28.875000000000004,104.6875
173,8.644,0.152,-0.1265,1,1,0.53827025,26.361,95.0
174,8.694,0.1365,-0.1315,1,1,0.53182025,23.816000000000003,85.3125
175,8.744,0.1215,-0.1345,1,1,0.52517025,21.3275,75.9375
176,8.794,0.1065,-0.1395,1,1,0.51832025,18.809,66.5625
177,8.844,0.0915,-0.1455,1,1,0.51119525,16.2605,57.18749999999999
178,8.897,0.076,-0.151,1,1,0.503338,13.593,47.5
179,8.945,0.0615,-0.158,1,1,0.495922,11.0735,38.4375
180,8.995,0.0465,-0.164,1,1,0.487872,8.434999999999999,29.0625
181,9.045,0.032,-0.171,1,1,0.479497,5.857,20.0
182,9.094,0.0175,-0.1765,1,1,0.47098325,3.2500000000000004,10.9375
183,9.143,0.0035,-0.184,1,1,0.462151,0.7055,2.1875
184,9.194,-0.0105,-0.192,1,1,0.452563,-1.8670000000000002,-6.5625
185,9.245,-0.025,-0.2005,1,1,0.44255425,-4.56,-15.625
186,9.295,-0.039,-0.2085,1,1,0.43232925,-7.188999999999999,-24.375
187,9.345,-0.053,-0.218,1,1,0.42166675,-9.846,-33.125
188,9.394,-0.0665,-0.2265,1,1,0.4107765,-12.437000000000001,-41.5625
189,9.444,-0.0795,-0.239,1,1,0.399139,-14.960500000000001,-49.6875
190,9.494,-0.0925,-0.25,1,1,0.386914,-17.509999999999998,-57.8125
191,9.544,-0.105,-0.2635,1,1,0.3740765,-19.99,-65.625
192,9.594,-0.117,-0.2765,1,1,0.3605765,-22.399,-73.125
193,9.644,-0.1285,-0.291,1,1,0.346389000000001,-24.7355,-80.3125
194,9.695,-0.1405,-0.3075,1,1,0.33112725,-27.192,-87.8125
195,9.745,-0.151,-0.3245,1,1,0.31532725,-29.38,-94.37499999999999
196,9.795,-0.162,-0.3405,1,1,0.298702250000001,-31.687,-101.25
197,9.844,-0.173,-0.358,1,1,0.281589,-34.016,-108.12499999999999
198,9.894,-0.1835,-0.3755,1,1,0.263251500000001,-36.268,-114.68749999999999
199,9.944,-0.1945,-0.393,1,1,0.244039,-38.6405,-121.5625
200,9.995,-0.2055,-0.409,1,1,0.223588,-41.035,-128.4375
201,10.044,-0.216,-0.424,1,1,0.2031795,-43.351,-135.0
202,10.093,-0.227,-0.44,1,1,0.1820115,-45.789,-141.875
203,10.144,-0.2385,-0.4555,1,1,0.159176250000001,-48.3505,-149.0625
204,10.194,-0.25,-0.47,1,1,0.13603875,-50.935,-156.25
205,10.245,-0.262,-0.4845,1,1,0.111699,-53.645,-163.75
206,10.295,-0.274,-0.4965,1,1,0.0871740000000009,-56.379000000000005,-171.25
207,10.345,-0.2865,-0.5095,1,1,0.0620240000000006,-59.2405,-179.06249999999997
208,10.394,-0.299,-0.52,1,1,0.0368012500000008,-62.127,-186.87499999999997
209,10.444,-0.312,-0.53,1,1,0.0105512500000004,-65.143,-195.0
210,10.495,-0.326,-0.5385,1,1,-0.0166955000000006,-68.39500000000001,-203.75
211,10.545,-0.34,-0.5465,1,1,-0.0438204999999991,-71.67500000000001,-212.5
212,10.595,-0.3545,-0.552,1,1,-0.0712829999999994,-75.089,-221.56249999999997
213,10.645,-0.37,-0.557,1,1,-0.0990079999999998,-78.745,-231.25
214,10.694,-0.385,-0.56,1,1,-0.1263745,-82.325,-240.625
215,10.744,-0.4015,-0.5625,1,1,-0.154437,-86.25750000000001,-250.9375
216,10.794,-0.4185,-0.562,1,1,-0.1825495,-90.331,-261.5625
217,10.845,-0.436,-0.562,1,1,-0.211211499999999,-94.547,-272.5
218,10.895,-0.454,-0.5585,1,1,-0.239224,-98.90700000000001,-283.75
219,10.944,-0.472,-0.555,1,1,-0.26650475,-103.303,-294.99999999999994
220,10.994,-0.4915,-0.549,1,1,-0.29410475,-108.065,-307.1875
221,11.044,-0.511,-0.5425,1,1,-0.32139225,-112.866,-319.375
222,11.094,-0.53,-0.5345,1,1,-0.348317250000001,-117.59500000000001,-331.25
223,11.144,-0.551,-0.5265,1,1,-0.374842249999999,-122.808,-344.375
224,11.194,-0.572,-0.515,1,1,-0.40087975,-128.063,-357.49999999999994
225,11.245,-0.593,-0.5045,1,1,-0.426877000000001,-133.35999999999999,-370.62499999999994
226,11.295,-0.607,-0.4455,1,1,-0.450626999999999,-137.117,-379.375
227,11.344,-0.6135,-0.3895,1,1,-0.471084500000001,-139.1995,-383.4375
228,11.394,-0.6165,-0.3395,1,1,-0.4893095,-140.497,-385.3125
229,11.444,-0.6175,-0.293,1,1,-0.505122,-141.3425,-385.9375
230,11.493,-0.617,-0.252,1,1,-0.5184745,-141.845,-385.625
231,11.545,-0.615,-0.214,1,1,-0.5305905,-142.0,-384.375
232,11.595,-0.6115,-0.179,1,1,-0.5404155,-141.80300000000003,-382.1875
233,11.644,-0.607,-0.1485,1,1,-0.54843925,-141.36599999999999,-379.375
